{"A": 3.680194739191494, "D": 5.33902216255088, "M": 13.79390182744577, "S": 11.119579943105638, "V": 3.6476403770865753, "J": 68.82547913310377, "E": 1.583285549501924, "F": 1.3455133940538488, "R": 2.4188042712031246, "O": 84.07899285660744, "N": 70.06452321448782, "W": 8.426360079398718, "B": 5.1850416716814935, "C": 3.0879874780100307, "H": 72.87922282171337, "P": 4.260829277808583, "L": 2.9914062944300093, "I": 68.73658500017392, "U": 5.357725698479642, "X": 115.2715852903461, "K": 1.512519966125712, "G": 6.093245547992057, "T": 3.8852548670711915, "Y": 2.7105150258305906, "Z": 43.82886268261267, "3": 90.00276286776378}