{"A": 2.9738584962820966, "D": 7.783336018326759, "M": 17.639758491614337, "S": 10.91821405600269, "V": 3.748545326870376, "J": 94.47763575349481, "E": 1.5706045285321522, "F": 1.5213906981731424, "R": 2.6820987472115467, "O": 82.26209992357713, "N": 71.8567488857807, "W": 6.949771243629913, "B": 6.398278355868252, "C": 3.8198327285637874, "H": 72.8409372844307, "P": 5.178835722321401, "L": 3.1526877893336813, "I": 67.64236812118152, "U": 6.756484458982771, "X": 109.78796519188582, "K": 3.0020688598348815, "G": 4.61816962758807, "T": 2.971703722851628, "Y": 3.07054527152694, "Z": 56.67777010735139, "3": 159.8718391038556}