{"A": 1.7740155752849038, "D": 2.8841191288253656, "M": 7.4513583691156935, "S": 2.22292283796308, "V": 1.5787402757666087, "J": 1.875913100865823, "E": 1.6723484189809963, "F": 1.3389673159932036, "R": 1.4110786163697344, "O": 12.471541070519198, "N": 2.0173220546788873, "W": 2.6350830946282784, "B": 1.2703510605685526, "C": 3.026492261820712, "H": 1.576851053279705, "P": 3.6014701107534095, "L": 2.206535198852446, "I": 1.470775055763126, "U": 1.429930737371483, "X": 3.415091414938775, "K": 1.2024981249494098, "G": 3.0501133922887727, "T": 2.916000478392974, "Y": 1.5673445783588662, "Z": 20.5910138843943, "3": 1.2753792326329432}